-0.9525,-2.54
-0.9525,-2.69875
-0.7683016519553723,-2.6765756376473893
-0.7881499063598993,-2.5183628996935585
-0.9525,-2.619375
-0.8604008259776861,-2.6876628188236946
-0.7782257791576358,-2.5974692686704737
-0.8696158679402674,-2.5345674869723696
-0.8650083469589767,-2.6111151528980323
-0.9525,-2.8575
-0.7740717891246858,-2.848214017389983
-0.9525,-2.778125
-0.863285894562343,-2.8528570086949916
-0.771186720540029,-2.762394827518686
-0.8618433602700144,-2.770259913759343
-0.9525,-3.01625
-0.7823529826265394,-3.0121456622760903
-0.9525,-2.9368749999999997
-0.8674264913132697,-3.014197831138045
-0.7782123858756126,-2.9301798398330368
-0.8653561929378065,-2.933527419916518
-0.9525,-3.175
-0.788636556708785,-3.1755053309463315
-0.9525,-3.095625
-0.8705682783543924,-3.175252665473166
-0.7854947696676622,-3.0938254966112106
-0.8689973848338313,-3.0947252483056054
-0.9525,-3.33375
-0.7917454952303349,-3.336099177204989
-0.9525,-3.254375
-0.8721227476151674,-3.3349245886024947
-0.7901910259695599,-3.25580225407566
-0.8713455129847798,-3.2550886270378308
-0.9525,-3.4925
-0.7933326889227376,-3.4955486473153043
-0.9525,-3.413125
-0.8729163444613688,-3.4940243236576523
-0.7925390920765363,-3.4158239122601466
-0.8725195460382682,-3.4144744561300735
-0.9525,-3.65125
-0.79372280052697,-3.6542749717266427
-0.9525,-3.5718750000000004
-0.873111400263485,-3.652762485863321
-0.7935277447248538,-3.5749118095209735
-0.8730138723624269,-3.5733934047604863
-0.9525,-3.81
-0.7940253176977591,-3.812498134913795
-0.9525,-3.730625
-0.8732626588488795,-3.8112490674568975
-0.7938740591123645,-3.733386553320219
-0.8731870295561824,-3.7320057766601096
-0.9525,-3.96875
-0.7940251342570196,-3.970845737093233
-0.9525,-3.8893750000000002
-0.8732625671285098,-3.9697978685466166
-0.7940252259773893,-3.891671936003514
-0.8732626129886947,-3.8905234680017564
-0.9525,-4.1274999999999995
-0.7939143833399358,-4.129049836887517
-0.9525,-4.048125
-0.873207191669968,-4.128274918443758
-0.7939697587984778,-4.049947786990375
-0.8732348793992387,-4.049036393495187
-0.9525,-4.28625
-0.793837714635416,-4.287377664346245
-0.9525,-4.206875
-0.873168857317708,-4.286813832173122
-0.7938760489876759,-4.208213750616881
-0.8731880244938379,-4.207544375308441
-0.9525,-4.445
-0.793798671867342,-4.4458994431539995
-0.9525,-4.365625
-0.8731493359336711,-4.445449721577
-0.793818193251379,-4.366638553750122
-0.8731590966256894,-4.366131776875061
-0.9525,-4.60375
-0.7937434028748098,-4.604331852216488
-0.9525,-4.524375
-0.8731217014374049,-4.604040926108244
-0.7937710373710759,-4.525115647685244
-0.8731355186855382,-4.524745323842621
-0.9525,-4.7625
-0.7937693127073971,-4.762813703945278
-0.9525,-4.683125
-0.8731346563536986,-4.762656851972639
-0.7937563577911035,-4.683572778080883
-0.8731281788955516,-4.683348889040442
-0.9525,-4.921250000000001
-0.7937701561540389,-4.921356866165547
-0.9525,-4.841875
-0.8731350780770195,-4.921303433082773
-0.793769734430718,-4.842085285055412
-0.8731348672153594,-4.841980142527707
-0.9525,-5.08
-0.79375,-5.08
-0.9525,-5.000625
-0.8731249999999999,-5.08
-0.7937600780770194,-5.000678433082774
-0.8731300390385097,-5.000651716541388
0.9525,-5.08
0.9525,-4.921250000000001
0.7937543622716714,-4.921255345691237
0.7937500000000001,-5.08
0.9525,-5.000625
0.8731271811358357,-4.921252672845618
0.7937521811358357,-5.000627672845619
0.873125,-5.08
0.8731260905679177,-5.000626336422808
0.9525,-4.7625
0.7937621854078918,-4.762528130159573
0.9525,-4.841875
0.873131092703946,-4.762514065079786
0.7937582738397816,-4.841891737925405
0.8731291369198908,-4.841883368962702
0.9525,-4.60375
0.7937659980268499,-4.603768983730154
0.9525,-4.683125
0.8731329990134249,-4.603759491865077
0.7937640917173708,-4.683148556944864
0.8731320458586856,-4.6831367784724325
0.9525,-4.445
0.7937706218876539,-4.445014366238382
0.9525,-4.524375
0.8731353109438269,-4.445007183119191
0.7937683099572519,-4.524391674984268
0.8731341549786258,-4.524383337492134
0.9525,-4.28625
0.7937414157090362,-4.286298708445256
0.9525,-4.365625
0.8731207078545181,-4.286274354222628
0.793756018798345,-4.365656537341819
0.8731280093991725,-4.365640768670909
0.9525,-4.1274999999999995
0.7932873015967924,-4.128195452449414
0.9525,-4.206875
0.8728936507983962,-4.127847726224706
0.7935143586529143,-4.207247080447335
0.873007179326457,-4.2070610402236674
0.9525,-3.96875
0.7926465329657016,-3.970022352390904
0.9525,-4.048125
0.8725732664828508,-3.969386176195452
0.792966917281247,-4.0491089024201585
0.8727334586406235,-4.048616951210078
0.9525,-3.81
0.7915649950636582,-3.8110794864839743
0.9525,-3.8893750000000002
0.8720324975318291,-3.8105397432419874
0.7921057640146799,-3.8905509194374392
0.87230288200734,-3.8899629597187206
0.9525,-3.65125
0.7902502702053531,-3.6521679387458135
0.9525,-3.730625
0.8713751351026766,-3.6517089693729066
0.7909076326345057,-3.731623712614894
0.8717038163172528,-3.731124356307447
0.9525,-3.4925
0.7881177321003944,-3.492606664250121
0.9525,-3.5718750000000004
0.8703088660501972,-3.492553332125061
0.7891840011528737,-3.572387301497967
0.8708420005764369,-3.5721311507489832
0.9525,-3.33375
0.7847474465583326,-3.3324886779768352
0.9525,-3.413125
0.8686237232791663,-3.3331193389884177
0.7864325893293636,-3.412547671113478
0.869466294664682,-3.4128363355567393
0.9525,-3.175
0.7797886592741917,-3.1706642127237497
0.9525,-3.254375
0.8661443296370959,-3.1728321063618745
0.7822680529162622,-3.2515764453502927
0.867384026458131,-3.252975722675147
0.9525,-3.01625
0.7731077021157083,-3.006602833527117
0.9525,-3.095625
0.8628038510578542,-3.0114264167635585
0.77644818069495,-3.0886335231254334
0.864474090347475,-3.092129261562716
0.9525,-2.8575
0.7679899388600304,-2.8417083346595104
0.9525,-2.9368749999999997
0.8602449694300152,-2.849604167329755
0.7705488204878694,-2.924155584093314
0.8615244102439349,-2.9305152920466573
0.9525,-2.69875
0.7653922610242917,-2.6720570573190887
0.9525,-2.778125
0.8589461305121459,-2.6854035286595446
0.766691099942161,-2.7568826959892996
0.8595955499710806,-2.767503847994649
0.9525,-2.54
0.7881499063598993,-2.5183628996935585
0.9525,-2.619375
0.8696158679402674,-2.5345674869723696
0.7767710836920956,-2.5952099785063236
0.8642809992262067,-2.6099855078159564
0.9525,2.54
0.9525,2.69875
0.7583489621463702,2.6585916786952843
0.7881499063598993,2.5183628996935585
0.9525,2.619375
0.855424481073185,2.6786708393476424
0.7732494342531347,2.5884772891944214
0.8696158679402674,2.5345674869723696
0.8625201745067261,2.606619163160006
0.9525,2.8575
0.7371692991812799,2.8197611529179127
0.9525,2.778125
0.84483464959064,2.8386305764589563
0.747759130663825,2.7391764158065985
0.8501295653319125,2.7586507079032994
0.9525,3.01625
0.7479519838316923,2.99434815633533
0.9525,2.9368749999999997
0.8502259919158461,3.005299078167665
0.742560641506486,2.9070546546266214
0.8475303207532431,2.9219648273133103
0.9525,3.175
0.7593532795630918,3.161777383546503
0.9525,3.095625
0.8559266397815459,3.1683886917732513
0.753652631697392,3.0780627699409164
0.853076315848696,3.086843884970458
0.9525,3.33375
0.7687898318912598,3.328495980807186
0.9525,3.254375
0.86064491594563,3.331122990403593
0.7640715557271758,3.2451366821768444
0.858285777863588,3.2497558410884224
0.9525,3.4925
0.77509131512819,3.4921715363781383
0.9525,3.413125
0.863795657564095,3.4923357681890694
0.7719405735097249,3.410333758592662
0.8622202867548625,3.4117293792963306
0.9525,3.65125
0.7801367480850749,3.653766640782399
0.9525,3.5718750000000004
0.8663183740425375,3.6525083203912
0.7776140316066324,3.572969088580269
0.8650570158033166,3.5724220442901347
0.9525,3.81
0.7848499762940212,3.8140881074090345
0.9525,3.730625
0.8686749881470106,3.8120440537045175
0.782493362189548,3.7339273740957166
0.8674966810947741,3.732276187047859
0.9525,3.96875
0.7889738167438732,3.973033952449355
0.9525,3.8893750000000002
0.8707369083719366,3.9708919762246775
0.7869118965189472,3.8935610299291947
0.8697059482594736,3.8914680149645973
0.9525,4.1274999999999995
0.7918182693619927,4.131535552956257
0.9525,4.048125
0.8721591346809964,4.129517776478128
0.790396043052933,4.052284752702806
0.8714480215264665,4.050204876351403
0.9525,4.28625
0.7931964302081076,4.289684352605547
0.9525,4.206875
0.8728482151040537,4.287967176302773
0.7925073497850501,4.210609952780902
0.8725036748925251,4.20874247639045
0.9525,4.445
0.7937298515880228,4.4477049569906155
0.9525,4.365625
0.8731149257940114,4.446352478495308
0.7934631408980652,4.368694654798081
0.8729815704490327,4.367159827399041
0.9525,4.60375
0.7938352449804259,4.605728666598747
0.9525,4.524375
0.873167622490213,4.604739333299373
0.7937825482842243,4.526716811794682
0.8731412741421122,4.52554590589734
0.9525,4.7625
0.7938141371216575,4.7636728026469095
0.9525,4.683125
0.8731570685608288,4.763086401323455
0.7938246910510417,4.684700734622828
0.8731623455255209,4.683912867311414
0.9525,4.921250000000001
0.7937706740626789,4.921782371910771
0.9525,4.841875
0.8731353370313395,4.921516185955386
0.7937924055921681,4.842727587278841
0.8731462027960841,4.84230129363942
0.9525,5.08
0.79375,5.08
0.9525,5.000625
0.8731249999999999,5.08
0.7937603370313394,5.0008911859553855
0.8731301685156699,5.000758092977694
-0.9525,5.08
-0.9525,4.921250000000001
-0.7935910665031625,4.921086842045932
-0.7937500000000001,5.08
-0.9525,5.000625
-0.8730455332515812,4.9211684210229665
-0.7936705332515812,5.000543421022966
-0.873125,5.08
-0.8730852666257904,5.000584210511484
-0.9525,4.7625
-0.7928430430876198,4.761764532896006
-0.9525,4.841875
-0.8726715215438099,4.762132266448003
-0.7932170547953912,4.841425687470969
-0.8728585273976956,4.841650343735484
-0.9525,4.60375
-0.7922987504956644,4.602543829453882
-0.9525,4.683125
-0.8723993752478323,4.603146914726941
-0.792570896791642,4.682154181174944
-0.8725354483958211,4.682639590587472
-0.9525,4.445
-0.7905785276256219,4.442708798788694
-0.9525,4.524375
-0.871539263812811,4.443854399394347
-0.7914386390606432,4.522626314121288
-0.871969319530322,4.523500657060643
-0.9525,4.28625
-0.7878133040957672,4.282957829792693
-0.9525,4.365625
-0.8701566520478836,4.284603914896346
-0.7891959158606945,4.362833314290693
-0.8708479579303471,4.364229157145346
-0.9525,4.1274999999999995
-0.7845890478368066,4.122923993085937
-0.9525,4.206875
-0.8685445239184033,4.125211996542968
-0.7862011759662869,4.202940911439315
-0.8693505879831437,4.204907955719658
-0.9525,3.96875
-0.7818968037354115,3.9629986387792107
-0.9525,4.048125
-0.8671984018677057,3.9658743193896053
-0.7832429257861091,4.042961315932574
-0.8678714628930545,4.045543157966287
-0.9525,3.81
-0.7805164759875377,3.8023124579117313
-0.9525,3.8893750000000002
-0.8665082379937689,3.8061562289558655
-0.7812066398614745,3.882655548345471
-0.8668533199307373,3.8860152741727356
-0.9525,3.65125
-0.7803296901550909,3.6416602329905268
-0.9525,3.730625
-0.8664148450775455,3.6464551164952637
-0.7804230830713144,3.7219863454511293
-0.8664615415356574,3.726305672725565
-0.9525,3.4925
-0.7811568878953556,3.481470941772386
-0.9525,3.5718750000000004
-0.8668284439476779,3.486985470886193
-0.7807432890252233,3.5615655873814562
-0.8666216445126115,3.566720293690729
-0.9525,3.33375
-0.7825824295021068,3.3212100866831435
-0.9525,3.413125
-0.8675412147510534,3.3274800433415717
-0.7818696586987313,3.4013405142277646
-0.8671848293493656,3.4072327571138823
-0.9525,3.175
-0.7836679865657398,3.160741188408287
-0.9525,3.254375
-0.8680839932828699,3.1678705942041434
-0.7831252080339233,3.2409756375457155
-0.8678126040169615,3.2476753187728575
-0.9525,3.01625
-0.783975988147526,2.9999867119580204
-0.9525,3.095625
-0.868237994073763,3.0081183559790103
-0.7838219873566329,3.0803639501831537
-0.8681609936783167,3.087994475091577
-0.9525,2.8575
-0.780104436358608,2.8396809830778182
-0.9525,2.9368749999999997
-0.8663022181793041,2.848590491538909
-0.782040212253067,2.9198338475179195
-0.8672701061265337,2.928354423758961
-0.9525,2.69875
-0.7737489882594082,2.67285556689794
-0.9525,2.778125
-0.863124494129704,2.68580278344897
-0.7769267123090081,2.756268274987879
-0.8647133561545041,2.7671966374939387
-0.9525,2.54
-0.7881499063598993,2.5183628996935585
-0.9525,2.619375
-0.8696158679402674,2.5345674869723696
-0.7809494473096538,2.5956092332957494
-0.866370181034986,2.6101851352106693
-0.635,-5.08
-0.6350159823198558,-4.921482511836733
-0.714375,-5.08
-0.6350079911599279,-5.000741255918367
-0.7143930692369473,-4.92141968900114
-0.7143840346184734,-5.0007098445005695
-0.47625,-5.08
-0.47625139978378556,-4.921613183694117
-0.555625,-5.08
-0.4762506998918928,-5.000806591847058
-0.5556336910518207,-4.921547847765424
-0.5556293455259104,-5.000773923882712
-0.3175,-5.08
-0.31748326006796124,-4.921679849499467
-0.396875,-5.08
-0.3174916300339806,-5.000839924749734
-0.39686732992587337,-4.921646516596792
-0.3968711649629366,-5.0008232582983965
-0.15875000000000006,-5.08
-0.15871179996761517,-4.9217642548250495
-0.23812500000000003,-5.08
-0.15873089998380763,-5.000882127412525
-0.23809753001778822,-4.921722052162258
-0.23811126500889412,-5.000861026081131
0.,-5.08
0.00008916017329589054,-4.921745857855505
-0.07937500000000008,-5.08
0.00004458008664794527,-5.000872928927753
-0.07931131989715964,-4.921755056340277
-0.07934315994857986,-5.000877528170139
0.15875000000000006,-5.08
0.15874652675793524,-4.921644616717229
0.07937500000000008,-5.08
0.15874826337896764,-5.0008223083586145
0.07941784346561556,-4.921695237286367
0.0793964217328078,-5.000847618643183
0.3175,-5.08
0.3174829336653624,-4.9214462953626885
0.23812500000000003,-5.08
0.3174914668326812,-5.000723147681344
0.2381147302116488,-4.921545456039959
0.23811986510582447,-5.000772728019978
0.47624999999999995,-5.08
0.47624665358708634,-4.921359542981695
0.396875,-5.08
0.4762483267935431,-5.000679771490848
0.3968647936262244,-4.921402919172191
0.3968698968131122,-5.000701459586096
0.6349999999999999,-5.08
0.6350079515195635,-4.921302154447498
0.5556249999999999,-5.08
0.6350039757597816,-5.000651077223749
0.5556273025533249,-4.921330848714597
0.5556261512766626,-5.000665424357298
0.7143750000000001,-5.08
0.7143811568956174,-4.9212787500693675
0.7143780784478087,-5.000639375034684
0.635,-2.4549261314031185
0.5418907566910532,-2.6187900994670326
0.709496020448168,-2.4916635031446672
0.5884453783455266,-2.5368581154350753
0.6536415088576725,-2.6454235783930606
0.6815687646529203,-2.5685435407688644
0.5034871939465424,-2.3540128060534578
0.38135374731325294,-2.4486225607054815
0.5659364925794623,-2.4087793710849343
0.44242047062989764,-2.4013176833794696
0.4616222520021531,-2.533706330086257
0.5137793722908076,-2.471242850585596
0.4025738685968815,-2.2225
0.23769081316424606,-2.2926215397524503
0.4487206289150658,-2.2915635074205376
0.32013234088056375,-2.2575607698762252
0.3095222802387495,-2.370622050228966
0.3791214545769077,-2.3310927788247517
0.33913710030644173,-2.0693500936401006
0.18394126766799723,-2.1005954611576314
0.3658364968553329,-2.1480039795518318
0.2615391839872195,-2.0849727773988658
0.21081604041612165,-2.196608500455041
0.2883262686357272,-2.1723062400034365
0.3175,-1.905
0.165346109713763,-1.9246733341644777
0.3229325130276304,-1.9878841320597327
0.2414230548568815,-1.914836667082239
0.17464368869088012,-2.0126343976610546
0.24878810085925523,-2.000259264860393
0.3175,-1.74625
0.1606328560281757,-1.7574291025101691
0.3175,-1.825625
0.23906642801408784,-1.7518395512550846
0.16298948287096937,-1.8410512183373235
0.2402447414354847,-1.8333381091686622
0.3175,-1.5875000000000001
0.15926546851453105,-1.5941450291138664
0.3175,-1.666875
0.23838273425726553,-1.5908225145569332
0.15994916227135336,-1.6757870658120178
0.23872458113567668,-1.671331032906009
0.3175,-1.4287500000000002
0.1589143501794098,-1.4327242120083195
0.3175,-1.5081250000000002
0.2382071750897049,-1.4307371060041598
0.15908990934697043,-1.513434620561093
0.23829495467348522,-1.5107798102805465
0.3175,-1.2699999999999998
0.15875735592539764,-1.272517501242829
0.3175,-1.349375
0.23812867796269882,-1.2712587506214144
0.15883585305240372,-1.3526208566255742
0.23816792652620186,-1.350997928312787
0.3175,-1.1112499999999998
0.15875122558083413,-1.1128407680615742
0.3175,-1.1906249999999998
0.23812561279041705,-1.112045384030787
0.15875429075311587,-1.1926791346522014
0.23812714537655794,-1.1916520673261006
0.3175,-0.9524999999999999
0.1587506019800316,-0.953489531912275
0.3175,-1.0318749999999999
0.2381253009900158,-0.9529947659561375
0.15875091378043288,-1.0331651499869245
0.2381254568902164,-1.0325200749934622
0.3175,-0.79375
0.15875033968227173,-0.7943601645037855
0.3175,-0.8731249999999999
0.23812516984113585,-0.7940550822518928
0.15875047083115168,-0.8739248482080303
0.23812523541557584,-0.8735249241040153
0.3175,-0.635
0.15875060052885212,-0.6353744835402374
0.3175,-0.714375
0.23812530026442608,-0.6351872417701188
0.15875047010556192,-0.7148673240220115
0.23812523505278096,-0.7146211620110057
0.3175,-0.47625000000000006
0.15875048595104732,-0.4764747832216098
0.3175,-0.555625
0.23812524297552368,-0.47636239161080496
0.15875054323994972,-0.5559246333809236
0.23812527161997488,-0.555774816690462
0.3175,-0.3175000000000001
0.15875111739781544,-0.3176295659634946
0.3175,-0.3968750000000001
0.23812555869890772,-0.3175647829817474
0.1587508016744314,-0.3970521745925522
0.23812540083721564,-0.39696358729627607
0.3175,-0.15875000000000017
0.1587508325969565,-0.15881096804130862
0.3175,-0.23812500000000014
0.23812541629847825,-0.1587804840206544
0.15875097499738597,-0.23822026700240162
0.23812548749869303,-0.23817263350120088
0.3175,0.
0.15874924656297376,-7.674922426659687e-7
0.3175,-0.07937500000000008
0.23812462328148687,-3.8374612133298436e-7
0.15875003957996514,-0.07940586776677565
0.23812501978998257,-0.07939043388338787
0.3175,0.15874999999999995
0.15874992979006972,0.15881561269898944
0.3175,0.07937499999999997
0.23812496489503487,0.1587828063494947
0.15874958817652174,0.07940742260337338
0.23812479408826087,0.07939121130168669
0.3175,0.3175000000000001
0.1587509657854087,0.317660589063504
0.3175,0.23812500000000003
0.23812548289270435,0.31758029453175207
0.15875044778773922,0.2382381008812467
0.23812522389386961,0.2381815504406234
0.3175,0.47625000000000006
0.15875116719308976,0.47656562769709865
0.3175,0.3968750000000001
0.2381255835965449,0.47640781384854936
0.15875106648924925,0.39711310838030134
0.23812553324462468,0.3969940541901507
0.3175,0.635
0.15875573970846293,0.635700564317666
0.3175,0.555625
0.23812786985423146,0.635350282158833
0.15875345345077635,0.5561330960073823
0.23812672672538818,0.5558790480036911
0.3175,0.79375
0.1587634278709621,0.7949301214056245
0.3175,0.714375
0.23813171393548105,0.7943400607028122
0.1587595837897125,0.7153153428616452
0.2381297918948563,0.7148451714308226
0.3175,0.9525
0.15878556421660464,0.9542495386247166
0.3175,0.8731249999999999
0.2381427821083023,0.9533747693123583
0.15877449604378335,0.8745898300151705
0.23813724802189168,0.8738574150075853
0.3175,1.11125
0.15885739044625433,1.1145447404650237
0.3175,1.031875
0.23817869522312718,1.112897370232512
0.15882147733142948,1.0343971395448701
0.23816073866571474,1.033136069772435
0.3175,1.27
0.15908503632298943,1.275710313481323
0.3175,1.190625
0.23829251816149472,1.2728551567406616
0.1589712133846219,1.1951275269731734
0.23823560669231095,1.1928762634865868
0.3175,1.42875
0.15962652734382457,1.4380805146180737
0.3175,1.349375
0.23856326367191227,1.4334152573090368
0.15935578183340698,1.3568954140496983
0.23842789091670355,1.3531352070248492
0.3175,1.5875
0.1610961620338368,1.6023448323076899
0.3175,1.508125
0.2392980810169184,1.594922416153845
0.16036134468883068,1.5202126734628818
0.23893067234441534,1.5141688367314408
0.3175,1.74625
0.16552237686918309,1.7646825124581385
0.3175,1.666875
0.24151118843459154,1.7554662562290693
0.16330926945150995,1.6835136723829143
0.24040463472575493,1.6751943361914572
0.3175,1.905
0.17689430417934413,1.9367852530301366
0.3175,1.825625
0.24719715208967208,1.9208926265150683
0.1712083405242636,1.8507338827441375
0.2443541702621318,1.8381794413720685
0.33913710030644173,2.0693500936401006
0.211049976273978,2.114347714056295
0.3229325130276304,1.9878841320597327
0.2750935382902099,2.0918489038481978
0.19397214022666107,2.0255664835432157
0.25845232662714573,2.006725307801474
0.4025738685968815,2.2225
0.28584885112011926,2.287223111609533
0.3658364968553329,2.1480039795518318
0.3442113598585004,2.2548615558047667
0.24844941369704865,2.2007854128329143
0.3071429552761908,2.1743946961923726
0.5034871939465424,2.3540128060534578
0.39939948208194853,2.447362409893871
0.4487206289150658,2.2915635074205376
0.45144333801424547,2.4006876079736643
0.3426241666010339,2.367292760751702
0.39567239775804985,2.32942813408612
0.635,2.4549261314031185
0.5615723894797802,2.5835367500549853
0.5659364925794623,2.4087793710849343
0.5982861947398901,2.519231440729052
0.48048593578086435,2.515449579974428
0.5232112141801633,2.462114475529681
0.709496020448168,2.4916635031446672
0.6599606758130752,2.621064214375135
0.6847283481306217,2.5563638587599016
0.635,5.08
0.6350572657368748,4.922316861757336
0.714375,5.08
0.6350286328684374,5.001158430878668
0.7144139698997769,4.9220496168340535
0.7143944849498884,5.001024808417027
0.47625,5.08
0.476371282470493,4.922902078425174
0.555625,5.08
0.47631064123524647,5.001451039212586
0.5557142741036839,4.922609470091254
0.5556696370518418,5.001304735045627
0.3175,5.08
0.31770446017187093,4.923367543219877
0.396875,5.08
0.31760223008593547,5.0016837716099385
0.39703787132118196,4.923134810822525
0.3969564356605909,5.001567405411262
0.15875000000000006,5.08
0.15914493939984586,4.923362150483048
0.23812500000000003,5.08
0.15894746969992296,5.001681075241525
0.2384246997858584,4.923364846851463
0.2382748498929292,5.001682423425732
0.,5.08
0.0005801382758881799,4.9227919005491225
0.07937500000000008,5.08
0.00029006913794408997,5.001395950274562
0.07986253883786702,4.923077025516085
0.07961876941893353,5.001538512758044
-0.15875000000000006,5.08
-0.15787511958296063,4.921842651181927
-0.07937500000000008,5.08
-0.15831255979148035,5.000921325590964
-0.07864749065353623,4.922317275865525
-0.07901124532676813,5.001158637932764
-0.3175,5.08
-0.31659676323837843,4.920953601929715
-0.23812500000000003,5.08
-0.31704838161918925,5.000476800964858
-0.23723594141066953,4.921398126555821
-0.23768047070533477,5.00069906327791
-0.47624999999999995,5.08
-0.4754828853397548,4.920787103964382
-0.396875,5.08
-0.4758664426698774,5.0003935519821905
-0.3960398242890666,4.920870352947048
-0.3964574121445334,5.000435176473524
-0.6349999999999999,5.08
-0.63439617189878,4.920697130656177
-0.5556249999999999,5.08
-0.6346980859493899,5.000348565328089
-0.5549395286192673,4.920742117310279
-0.5552822643096337,5.00037105865514
-0.7143750000000001,5.08
-0.7139936192009713,4.920891986351055
-0.7141843096004857,5.000445993175528
-0.635,2.4549261314031185
-0.5634347724312844,2.6293922641298315
-0.709496020448168,2.4916635031446672
-0.5992173862156422,2.542159197766475
-0.6685918803453463,2.6511239155138857
-0.6890439503967571,2.5713937093292762
-0.5034871939465424,2.3540128060534578
-0.40587225872384786,2.4789586201706126
-0.5659364925794623,2.4087793710849343
-0.45467972633519516,2.416485713112035
-0.4846535155775661,2.554175442150222
-0.5252950040785141,2.4814774066175778
-0.4025738685968815,2.2225
-0.27922192096665205,2.348383680328125
-0.4487206289150658,2.2915635074205376
-0.3408978947817668,2.2854418401640624
-0.34254708984524995,2.413671150249369
-0.3956338593801579,2.352617328834953
-0.33913710030644173,2.0693500936401006
-0.14732626100367133,2.189588525736341
-0.3658364968553329,2.1480039795518318
-0.24323168065505651,2.129469309688221
-0.2132740909851617,2.2689861030322334
-0.2895552939202473,2.208495041292032
-0.3175,1.905
-0.15172399910786874,1.9527975883636595
-0.3229325130276304,1.9878841320597327
-0.23461199955393436,1.9288987941818299
-0.14952513005577003,2.0711930570500003
-0.23622882154170025,2.029538594554867
-0.3175,1.74625
-0.1549499794773607,1.7693171829277023
-0.3175,1.825625
-0.23622498973868034,1.757783591463851
-0.15333698929261472,1.861057385645681
-0.2354184946463074,1.8433411928228405
-0.3175,1.5875
-0.156939579160902,1.6001710573283405
-0.3175,1.666875
-0.237219789580451,1.59383552866417
-0.15594477931913137,1.6847441201280215
-0.23672238965956563,1.6758095600640104
-0.3175,1.42875
-0.15809781974283316,1.438014224981708
-0.3175,1.508125
-0.23779890987141658,1.433382112490854
-0.15751869945186758,1.5190926411550243
-0.2375093497259338,1.5136088205775122
-0.3175,1.27
-0.1584940862205383,1.275475072894338
-0.3175,1.349375
-0.23799704311026915,1.2727375364471691
-0.15829595298168572,1.356744648938023
-0.23789797649084288,1.3530598244690115
-0.3175,1.11125
-0.15865258177822406,1.114432837070516
-0.3175,1.190625
-0.23807629088911203,1.112841418535258
-0.15857333399938117,1.194953954982427
-0.23803666699969053,1.1927894774912136
-0.3175,0.9525
-0.15871427760992596,0.9543428539062019
-0.3175,1.031875
-0.23810713880496298,0.953421426953101
-0.158683429694075,1.034387845488359
-0.2380917148470375,1.03313142274418
-0.3175,0.79375
-0.15873576608150572,0.7948261602449151
-0.3175,0.8731249999999999
-0.23811788304075288,0.7942880801224576
-0.15872502184571585,0.8745845070755585
-0.23811251092285787,0.8738547535377792
-0.3175,0.635
-0.15874507538059648,0.6356094571982275
-0.3175,0.714375
-0.23812253769029823,0.6353047285991138
-0.1587404207310511,0.7152178087215713
-0.23812021036552555,0.7147964043607856
-0.3175,0.47625000000000006
-0.15874814557186886,0.4765845369681983
-0.3175,0.555625
-0.23812407278593445,0.47641726848409915
-0.15874661047623267,0.5560969970832129
-0.2381233052381164,0.5558609985416066
-0.3175,0.3175000000000001
-0.15874960576790037,0.3176725297917142
-0.3175,0.3968750000000001
-0.2381248028839502,0.3175862648958572
-0.1587488756698846,0.39712853337995624
-0.2381244378349423,0.39700176668997805
-0.3175,0.15874999999999995
-0.15874969011920742,0.15882105706893218
-0.3175,0.23812500000000003
-0.2381248450596037,0.15878552853446606
-0.1587496479435539,0.23824679343032318
-0.23812482397177703,0.2381858967151616
-0.3175,0.
-0.15875010709427476,-8.692824717265815e-7
-0.3175,0.07937499999999997
-0.23812505354713737,-4.3464123586329075e-7
-0.1587498986067411,0.07941009389323023
-0.23812494930337058,0.0793925469466151
-0.3175,-0.15875000000000017
-0.158749682226456,-0.1588159677286723
-0.3175,-0.07937500000000008
-0.23812484111322801,-0.15878298386433623
-0.15874989466036538,-0.07940841850557201
-0.2381249473301827,-0.07939170925278602
-0.3175,-0.3175000000000001
-0.1587498767226293,-0.3176411980336779
-0.3175,-0.23812500000000014
-0.23812493836131465,-0.31757059901683904
-0.15874977947454266,-0.2382285828811751
-0.23812488973727128,-0.23817679144058762
-0.3175,-0.47625000000000006
-0.15875010018542035,-0.4764970827253775
-0.3175,-0.3968750000000001
-0.23812505009271018,-0.4763735413626888
-0.15874998845402483,-0.3970691403795277
-0.23812499422701247,-0.3969720701897639
-0.3175,-0.635
-0.15875061713381117,-0.6354090057707972
-0.3175,-0.555625
-0.23812530856690559,-0.6352045028853985
-0.15875035865961576,-0.5559530442480873
-0.23812517932980787,-0.5557890221240437
-0.3175,-0.79375
-0.15875215502434345,-0.794417715087514
-0.3175,-0.714375
-0.23812607751217174,-0.794083857543757
-0.1587513860790773,-0.7149133604291555
-0.23812569303953862,-0.7146441802145778
-0.3175,-0.9524999999999999
-0.15875296289747048,-0.9535927616980406
-0.3175,-0.8731249999999999
-0.23812648144873524,-0.9530463808490203
-0.15875255896090695,-0.8740052383927773
-0.23812627948045348,-0.8735651191963887
-0.3175,-1.1112499999999998
-0.1587735376240708,-1.1131450228630113
-0.3175,-1.0318749999999999
-0.23813676881203538,-1.1121975114315057
-0.15876325026077065,-1.033368892280526
-0.23813162513038533,-1.0326219461402633
-0.3175,-1.2699999999999998
-0.15883213373664182,-1.272650744130999
-0.3175,-1.1906249999999998
-0.23816606686832092,-1.2713253720654993
-0.1588028356803563,-1.1928978834970052
-0.23815141784017815,-1.1917614417485025
-0.3175,-1.4287500000000002
-0.1587233871930758,-1.4329030858355216
-0.3175,-1.349375
-0.2381116935965379,-1.430826542917761
-0.1587777604648588,-1.3527769149832602
-0.2381388802324294,-1.3510759574916302
-0.3175,-1.5875000000000001
-0.15873478260287907,-1.5947826441556963
-0.3175,-1.5081250000000002
-0.23811739130143955,-1.5911413220778483
-0.15872908489797743,-1.5138428649956088
-0.23811454244898872,-1.5109839324978045
-0.3175,-1.74625
-0.15926195212107358,-1.7589155513536885
-0.3175,-1.666875
-0.2383809760605368,-1.7525827756768444
-0.1589983673619763,-1.6768490977546924
-0.23824918368098819,-1.6718620488773466
-0.3175,-1.905
-0.16234671764479935,-1.923988641942274
-0.3175,-1.825625
-0.23992335882239968,-1.9144943209711371
-0.16080433488293647,-1.8414520966479813
-0.23915216744146822,-1.8335385483239905
-0.33913710030644173,-2.0693500936401006
-0.1754465617244964,-2.102962779249923
-0.3229325130276304,-1.9878841320597327
-0.25729183101546904,-2.0861564364450116
-0.16889663968464788,-2.0134757105960985
-0.2459145763561391,-2.0006799213279156
-0.4025738685968815,-2.2225
-0.20902882720518504,-2.3161797389832244
-0.3658364968553329,-2.1480039795518318
-0.30580134790103325,-2.2693398694916125
-0.19223769446484074,-2.209571259116574
-0.27903709566008683,-2.1787876193342024
-0.5034871939465424,-2.3540128060534578
-0.3741298047682232,-2.476440877388775
-0.4487206289150658,-2.2915635074205376
-0.4388084993573828,-2.4152268417211165
-0.2915793159867041,-2.396310308186
-0.37014997245088505,-2.343936907803269
-0.635,-2.4549261314031185
-0.5466032442724713,-2.636038688255803
-0.5659364925794623,-2.4087793710849343
-0.5908016221362357,-2.545482409829461
-0.46036652452034726,-2.5562397828222894
-0.5131515085499049,-2.4825095769536114
-0.709496020448168,-2.4916635031446672
-0.6574524481139218,-2.656307162951596
-0.6834742342810449,-2.5739853330481313
-0.6350179281818739,-4.763171453063303
-0.6350169552508649,-4.842326982450018
-0.7143936204446355,-4.76299257850429
-0.7143933448407916,-4.8422061337527165
-0.47625931668971216,-4.763486711379591
-0.47625535823674886,-4.842549947536854
-0.555638622435793,-4.763329082221447
-0.5556361567438068,-4.842438464993436
-0.3174962498921809,-4.763755869304553
-0.31748975498007104,-4.84271785940201
-0.39687778329094653,-4.763621290342073
-0.39687255660840987,-4.842633903469432
-0.15871694935346156,-4.763738049666319
-0.15871437466053837,-4.842751152245684
-0.2381065996228212,-4.763746959485436
-0.23810206482030472,-4.842734505823847
0.00004884174667709158,-4.763698828246615
0.00006900095998649107,-4.84272234305106
-0.07933405380339223,-4.763718438956467
-0.07932268685027594,-4.842736747648372
0.15873588523847357,-4.7633558575976735
0.1587412059982044,-4.842500237157451
0.07939236349257534,-4.763527342922144
0.07940510347909546,-4.842611290104254
0.31748366528347305,-4.763046724897732
0.3174832994744177,-4.84224651013021
0.23810977526097332,-4.763201291247703
0.23811225273631106,-4.842373373643831
0.4762602946074767,-4.762782382520451
0.4762534740972815,-4.842070962751073
0.39687197994547485,-4.762914553709091
0.39686838678584957,-4.842158736440641
0.6350156670730761,-4.762595069062029
0.6350118092963197,-4.841948611754764
0.5556379808402764,-4.76268872579124
0.5556326416968008,-4.842009787252917
0.7143889262404839,-4.762561599610802
0.7143850415680508,-4.841920174840085
0.6351977666205524,4.7650029482322624
0.6351275161787135,4.8436599049948
0.714505951871105,4.764337875439586
0.7144599608854407,4.843193746136821
0.476681432704265,4.766379872819863
0.476526357587379,4.844640975622518
0.5559395996624087,4.765691410526063
0.5558269368830461,4.844150440308659
0.3184247371238075,4.767307025575816
0.3180645986478392,4.845337284397846
0.39755308491403624,4.7668434491978395
0.3972954781176091,4.844989130010182
0.16033584310771287,4.7672318900857915
0.15974039125377937,4.84529702028442
0.23938029011576017,4.767269457830803
0.23890249495080929,4.845317152341133
0.0023623571987164862,4.765879113415595
0.001471247737302333,4.844335506982359
0.08134910015321468,4.766555501750693
0.08060581949554085,4.844816263633388
-0.1558461509231285,4.763440147281412
-0.15686063525304456,4.8426413992316695
-0.076741896862206,4.764659630348504
-0.0776946937578711,4.843488453107014
-0.3146515688592025,4.7617190458063146
-0.31562416604879046,4.841336323868015
-0.2352488598911655,4.762579596543864
-0.2362424006509175,4.841988861549842
-0.473898183518224,4.760936782697189
-0.4746905344289894,4.840861943330785
-0.39427487618871326,4.761327914251751
-0.39515735023888987,4.8410991335994
-0.6332824872615478,4.7612454856138635
-0.6338393295801639,4.84097130813502
-0.5535903353898859,4.761091134155526
-0.5542649320045766,4.840916625732903
-0.7130627651745838,4.761505009254934
-0.7135281921877777,4.841198497802995
-0.5886198257568529,-2.849349468460114
-0.6813458074407693,-2.8487817429250484
-0.5676115350146621,-2.7426940783579585
-0.6693991277773456,-2.7525444529383214
-0.6118389915181894,-3.0225736671415193
-0.6970959870723644,-3.017359664708805
-0.6002294086375212,-2.935961567800817
-0.689220897256567,-2.933070703816927
-0.6260287242026757,-3.1832480663979283
-0.7073326404557303,-3.17937669867213
-0.6189338578604326,-3.102910866769724
-0.7022143137640472,-3.098368181690468
-0.6322244019315187,-3.343290062602459
-0.7119849485809269,-3.3396946199037236
-0.6291265630670972,-3.263269064500194
-0.7096587945183286,-3.2595356592879274
-0.6346718686475272,-3.501393262814716
-0.7140022787851323,-3.4984709550650104
-0.6334481352895229,-3.4223416627085874
-0.7129936136830296,-3.419082787484367
-0.6356841804933772,-3.6587217066318773
-0.7147034905101736,-3.65649833917926
-0.6351780245704521,-3.5800574847232967
-0.714352884647653,-3.577484647122134
-0.6357984464416385,-3.816050643387098
-0.7149118820696988,-3.8142743891504463
-0.6357413134675078,-3.7373861750094877
-0.7148076862899362,-3.735386364164854
-0.6356072514733145,-3.973487153727178
-0.7148161928651671,-3.9721664454102052
-0.6357028489574765,-3.894768898557138
-0.714864037467433,-3.8932204172803253
-0.6353731832684318,-4.131003086778525
-0.7146437833041839,-4.130026461833021
-0.6354902173708732,-4.052245120252851
-0.7147299880846757,-4.051096453621614
-0.6352086124816468,-4.288795152314829
-0.7145231635585314,-4.288086408330537
-0.6352908978750393,-4.209899119546677
-0.7145834734313576,-4.209056435081779
-0.6351050140907627,-4.446859334487537
-0.7144518429790523,-4.446379388820768
-0.6351568132862048,-4.367827243401183
-0.7144875032687918,-4.3672328985756526
-0.6350376833352666,-4.604991808616732
-0.7143905431050381,-4.60466183041661
-0.6350713487130146,-4.5259255715521345
-0.7144211930420452,-4.525520609618689
-0.6350278057585702,-4.6840816308400175
-0.7143920817748367,-4.68382720446045
0.46595815590707496,2.7546718423387655
0.6015637275441774,2.7872164976283393
0.5137652726934275,2.6691042961968754
0.6307622016786263,2.704140356001737
0.5317962879647437,2.979311345108166
0.639874135898218,2.986829750721748
0.49887722193590933,2.8669915937234656
0.6207189317211979,2.8870231241750437
0.5650187041944198,3.1630929205627853
0.6621859918787558,3.162435152054644
0.5484074960795817,3.0712021328354755
0.651030063888487,3.0746324513881955
0.5859334842025543,3.3317065587833885
0.6773616580469071,3.3301012697952874
0.5754760941984871,3.247399739673087
0.6697738249628317,3.2462682109249665
0.5983981397722384,3.4983900839106417
0.6867447274502142,3.49528081014439
0.5921658119873964,3.4150483213470153
0.6820531927485607,3.4126910399698387
0.6083011815776692,3.661502041403855
0.6942189648313721,3.657634341093127
0.6033496606749538,3.5799460626572484
0.6904818461407933,3.5764575756187584
0.6175878157833579,3.821592883222741
0.7012188960386896,3.8178404953158878
0.6129444986805135,3.741547462313298
0.6977189304350309,3.737737418204507
0.6263100994065848,3.980001609844606
0.707641958075229,3.9765177811469803
0.6219489575949713,3.9007972465336733
0.7044304270569592,3.897179138231434
0.6318847821452667,4.137286914450707
0.7118515257536298,4.1344112337034815
0.6290974407759258,4.058644262147657
0.7097467419144295,4.055464507425231
0.6345425495705901,4.294190259479129
0.7138694898893488,4.291937306042338
0.6332136658579284,4.2157385869649175
0.7128605078214892,4.21317426987291
0.6354035579222445,4.451076696647283
0.7145667047551336,4.449390826818949
0.6349730537464173,4.3726334780632055
0.7142180973222413,4.370664066430642
0.6353924039272777,4.608051143721392
0.7146138244538518,4.606889905160069
0.6353979809247611,4.529563920184337
0.7145902646044929,4.528140365989509
0.635295085273915,4.686527045976828
0.7145598881624784,4.6856138902998286
-0.6317169425433968,4.601123576208946
-0.7120078465195306,4.601833702831414
-0.6324997149024723,4.681184530911405
-0.7125353058470572,4.681669356043176
-0.6281186702695937,4.440737008508975
-0.7093485989476078,4.441722903648834
-0.6299178064064952,4.52093029235896
-0.7106782227335693,4.521778303240124
-0.6229099685435644,4.27973008076188
-0.7053616363196658,4.281343955277286
-0.6255143194065791,4.3602335446354274
-0.7073551176336368,4.36153342946306
-0.6163475223373543,4.11857104064927
-0.7004682850870805,4.1207475168676035
-0.6196287454404594,4.199150560705575
-0.7029149607033733,4.201045736072446
-0.6103886159649393,3.9565716141712315
-0.6961427098501753,3.959785126475221
-0.6133680691511468,4.037571327410251
-0.6983054974686278,4.040266321671412
-0.6078778371221688,3.7939075893762046
-0.6941971565548533,3.798110023643968
-0.6091332265435541,3.875239601773718
-0.6951699332025143,3.8789475750595948
-0.6083143856019514,3.6313767236899026
-0.6943220378785211,3.6365184783402147
-0.6080961113620601,3.712642156533054
-0.6942595972166872,3.717314250992092
-0.6102057599586761,3.4695738529639595
-0.6956813239270159,3.475522397368173
-0.6092600727803137,3.550475288326931
-0.6950016809027687,3.5560204378541935
-0.6124041065323527,3.3083921674098913
-0.6974932680172297,3.3148011270465174
-0.6113049332455144,3.3889830101869256
-0.6965872959721227,3.395161762207345
-0.6151106460691717,3.1476865295769616
-0.6993893163174557,3.154213858992624
-0.6137573763007622,3.2280393484934264
-0.6984412921673426,3.2345074930195703
-0.6162824204384654,2.989705764038928
-0.7001292042929956,2.994846237998474
-0.6156965332538185,3.0686961468079446
-0.6997592603052255,3.074530048495549
-0.6070408035337166,2.826578277912105
-0.6935726199461623,2.8331296304949616
-0.6116616119860909,2.908142020975516
-0.696850912119579,2.913987934246718
-0.5852377879825005,2.727985271020968
-0.6810822501457543,2.742126773004424
0.6350252047524035,-4.603881836090385
0.7143956013896267,-4.60382540991027
0.6350204359127398,-4.683238452576207
0.7143922638150553,-4.683193504760534
0.634985978367719,-4.445256547006989
0.7143783001276864,-4.445135456622685
0.6350055915600612,-4.524569191548687
0.7143869507586565,-4.524480433266477
0.6347729402441894,-4.287406328034775
0.7142571779766128,-4.286852518240016
0.6348794593059541,-4.366331437520882
0.7143177390521496,-4.3659939874313505
0.6341402035362821,-4.12961476317642
0.7137137525665372,-4.128905107812917
0.6344565718902357,-4.208510545605598
0.713985465271575,-4.207878813026467
0.6328141890099729,-3.971301702390457
0.7127303609878373,-3.9706620273906807
0.6334771962731275,-4.050458232783439
0.7132220567771874,-4.049783567601798
0.6311751994974598,-3.8131010440448634
0.711370097280559,-3.812090265264419
0.6319946942537163,-3.8922013732176604
0.7120502291341981,-3.89137614632755
0.6283984817591887,-3.654401766678636
0.7093243759822709,-3.6532848527122246
0.6297868406283242,-3.7337514053617498
0.710347236631415,-3.7326875589883217
0.624415376010908,-3.49495986068902
0.7062665540556512,-3.4937832624695706
0.6264069288850483,-3.574680813683828
0.7077954650189611,-3.573534057590898
0.6175537734249004,-3.3341227098064503
0.7011506099916165,-3.333305693891643
0.6209845747179041,-3.4145412852477355
0.7037085820236341,-3.4135444781806075
0.6079029986867841,-3.170654186894736
0.6938458289804879,-3.1706591998092426
0.6127283860558422,-3.252388448350593
0.6974982194860522,-3.251982446850443
0.594710141083004,-3.0029511431660083
0.6839089215993561,-3.0047769883465625
0.6013065698848941,-3.086802665030372
0.688877375289922,-3.0877180940779025
0.5774550237484117,-2.828056810952814
0.6727224813042211,-2.834882572806162
0.5860825824157079,-2.9155039770594113
0.6783157014517887,-2.9198297805763627
0.5596728902197325,-2.7234234552099235
0.6631819950809468,-2.740153075599611
-0.47108016361044874,4.60067286207478
-0.5513985530769228,4.600898219141863
-0.4724891735643364,4.680804822385984
-0.5524944442334043,4.6809946766486945
-0.46613343696040543,4.439702165468351
-0.5471260536149996,4.440219586988663
-0.4686068002854271,4.520187513771566
-0.5492623033459612,4.520558903065263
-0.4583009296703825,4.277998660498349
-0.5406054491069734,4.278864370630114
-0.46221718331539396,4.358850412983349
-0.5438657513609865,4.359541978809388
-0.44769872228314234,4.115021792066802
-0.5320231223102483,4.116796416358036
-0.4529998259767624,4.196510226282575
-0.536314285708611,4.1978303934940735
-0.4371933013893372,3.9504724866751824
-0.5237909586771383,3.953522050423207
-0.44244601183623977,4.032747139370992
-0.5279070404936933,4.035159233390622
-0.43456495082590424,3.784886023592385
-0.5212213939740366,3.789396806484295
-0.4358791261076207,3.8676792551337837
-0.5225061763255874,3.8714594284537514
-0.43595719290523105,3.619825750872164
-0.5221357892535912,3.6256012372810336
-0.4352610718655676,3.7023558872322746
-0.5216785916138137,3.707499021882664
-0.4386924287352674,3.456092955220669
-0.5244490943469717,3.462833404092314
-0.4373248108202492,3.537959353046417
-0.5232924418002814,3.5442173206866743
-0.44162794849392467,3.2939684330234917
-0.5270160275131387,3.3011803002166915
-0.44016018861459605,3.3750306941220805
-0.525732560930055,3.382006852154503
-0.4491210785675395,3.135887780148982
-0.5321158623183556,3.141787154862972
-0.4453745135307321,3.214928106586237
-0.5295659449157472,3.2214837275398316
-0.4577485571135696,2.986589437650185
-0.5370154887760175,2.9881476008445564
-0.45343481784055456,3.0612386088995835
-0.5345656755471865,3.064967377853763
-0.45366283840223576,2.8477234600774675
-0.5303518209679762,2.837150868994786
-0.4557056977579027,2.9171564488638264
-0.5336836548719968,2.9126492349196713
-0.3895915429291983,2.7148890460157644
-0.47651315768024133,2.672140655072798
-0.421627190665717,2.781306253046616
-0.5034324893241088,2.754645762033792
-0.2834255269450433,2.5955722987708585
-0.34464889283444555,2.537265459470736
-0.3365085349371208,2.6552306723933112
-0.4105810252573434,2.6047030572717667
-0.1661305247533943,2.4906415968804607
-0.22267622286002317,2.419512638604293
-0.2247780258492188,2.5431069478256596
-0.2836625578472344,2.4783890490375144
-0.017356469564670636,2.4186417590738465
-0.08234136528417098,2.304115142405094
-0.09174349715903246,2.4546416779771536
-0.15250879407209708,2.3618138905046937
0.00791921805527597,1.7754790118759887
0.02003354114663594,1.958068383940384
-0.07351538071104236,1.7723980974018456
0.013976379600955956,1.8667736979081864
-0.0658452289806164,1.9554329861520219
-0.06968030484582938,1.8639155417769333
0.0032498687837438575,1.604441627250127
-0.07684485518857907,1.6023063422892339
0.005584543419509914,1.689960319563058
-0.07518011794981071,1.6873522198455397
0.0012129530134890557,1.4404754754923497
-0.07844243336467205,1.4392448502370287
0.0022314108986164565,1.5224585513712383
-0.07764364427662557,1.5207755962631313
0.0004755040367891121,1.2769975444174744
-0.07900929109187459,1.276236308655906
0.000844228525139084,1.358736509954912
-0.07872586222827332,1.3577405794464674
0.00017854089299738387,1.115357290441644
-0.07923702044261334,1.1148950637560802
0.000327022464893248,1.1961774174295592
-0.07912315576724396,1.1955656862059931
0.00006607588118294633,0.954867206330774
-0.0793241008643715,0.954605030118488
0.0001223083870901651,1.035112248386209
-0.07928056065349244,1.0347500469372841
0.000025243059289053832,0.7951507375276952
-0.07935526151110833,0.7949884488863052
0.000045659470236000086,0.8750089719292347
-0.07933968118773993,0.8747967395023966
8.735249168906713e-6,0.6358102443239231
-0.07936817006571378,0.6357098507610752
0.00001698915422898027,0.7154804909258091
-0.07936171578841104,0.7153491498236901
3.2702587233118082e-6,0.47668326452152626
-0.07937243765657277,0.4766339007448623
6.0027539461092604e-6,0.5562467544227246
-0.07937030386114326,0.5561718757529688
1.1467453334825604e-6,0.31771994119036756
-0.07937422951128345,0.31769623549104087
2.208502028397184e-6,0.3972016028559469
-0.0793733335839281,0.39716506811795166
1.327788185172152e-7,0.1588397532731314
-0.07937477867019445,0.1588304051710318
6.397620759998878e-7,0.2382798472317495
-0.07937450409073893,0.23826332033103637
1.7117461620736725e-7,-2.6774463518688543e-6
-0.07937496795982928,-1.7733644117977178e-6
1.5197671736229123e-7,0.07941853791338976
-0.07937487331501188,0.07941431590331
4.4628937897619714e-7,-0.15883575165716718
-0.07937461796853851,-0.15882585969291974
3.087319975917822e-7,-0.07941921455175953
-0.0793747929641839,-0.07941381652866579
5.165906264075617e-7,-0.31768307555942754
-0.07937468006600144,-0.31766213679655275
4.814400026918794e-7,-0.23825941360829736
-0.07937464901726997,-0.23824399824473624
2.70105859790118e-7,-0.47657012009741156
-0.07937491503978028,-0.47653360141139456
3.9334824309883984e-7,-0.3971265978284195
-0.07937479755289087,-0.3970978691039736
-3.3660681238717587e-7,-0.6355307527060177
-0.07937547687031178,-0.6354698792384075
-3.325047629852894e-8,-0.5560504364017146
-0.07937519595504602,-0.5560017403249008
-9.455349138829167e-7,-0.7946185490429026
-0.07937655027962867,-0.7945181320652084
-6.410708631350462e-7,-0.7150746508744601
-0.07937601357497023,-0.714994005651808
-2.1267137304590816e-6,-0.9539150929617314
-0.07937754480560047,-0.9537539273298861
-1.5361243221709991e-6,-0.874266821002317
-0.07937704754261458,-0.8741360296975476
-0.00003987434567686184,-1.113539777082634
-0.07940670598487383,-1.1133423999728227
-0.00002100052970366046,-1.0337274350221828
-0.07939212539523716,-1.0335481636513544
9.608933141326045e-6,-1.2734445045252427
-0.07941126240175024,-1.2730476243281208
-0.000015132706267767899,-1.1934921408039383
-0.07940898419331203,-1.1931950121504717
0.00011172793774419907,-1.4343232326031503
-0.0793058296276658,-1.433613159219336
0.00006066843544276256,-1.3538838685641965
-0.07935854601470804,-1.3533303917737283
0.0003298060848968466,-1.5967501893383218
-0.07920248825899111,-1.5957664167470091
0.00022076701132052283,-1.515536710970736
-0.07925415894332848,-1.5146897879831724
0.0008574064546220547,-1.7618701063134024
-0.07920227283322576,-1.7603928288335453
0.0005936062697594507,-1.679310147825862
-0.07920238054610843,-1.6780796227902768
0.0019375872647238162,-1.9312975405605368
-0.08020456519003777,-1.9276430912514053
0.0013974968596729355,-1.8465838234369696
-0.07970341901163176,-1.844017960042475
0.007436460048676641,-2.106433662604508
-0.08400505083790988,-2.1046982209272156
0.004687023656700228,-2.0188656015825224
-0.08210480801397382,-2.0161706560893107
0.025313807264124456,-2.2892276800137954
-0.09185750997053028,-2.30270370949851
0.01637513365640055,-2.197830671309152
-0.08793128040422009,-2.203700965212863
-0.41331588596492896,-2.890729672757692
-0.34748916872506086,-2.7340876214434986
-0.500967855860891,-2.870039570608903
-0.3804025273449949,-2.8124086471005953
-0.4470462064987661,-2.685063154849651
-0.47400703117982845,-2.7775513627292767
-0.45003453526242726,-3.045484932628914
-0.5309367633903084,-3.0340292998852165
-0.4316752106136781,-2.968107302693303
-0.5159523096255997,-2.95203443524706
-0.4673283795934147,-3.2009628135424393
-0.5466785518980453,-3.1921054399701836
-0.458681457427921,-3.123223873085677
-0.5388076576441768,-3.1130673699276996
-0.4748003706134114,-3.355369888400487
-0.5535123862724651,-3.349329975501473
-0.47106437510341304,-3.278166350971463
-0.550095469085255,-3.2707177077358285
-0.47761513612388246,-3.509799239537917
-0.5561435023857049,-3.505596251176317
-0.47620775336864696,-3.4325845639692023
-0.5548279443290851,-3.4274631133388946
-0.47820321257282206,-3.664763316016026
-0.5569436965330996,-3.6617425113239515
-0.47790917434835223,-3.5872812777769716
-0.556543599459402,-3.583669381250134
-0.47789996244546823,-3.8201990664808947
-0.5568492044435533,-3.8181248549339966
-0.4780515875091451,-3.7424811912484603
-0.5568964504883265,-3.739933683128973
-0.47739001930746566,-3.9764576237229217
-0.5564986353903901,-3.9749723887250497
-0.47764499087646695,-3.898328345101908
-0.5566739199169717,-3.896548621829523
-0.47694118467185015,-4.133152409065677
-0.556157183970141,-4.132077747922101
-0.4771656019896579,-4.054805016394299
-0.5563279096802656,-4.053525068323574
-0.47662251190413524,-4.290313481016455
-0.5559155621928911,-4.289554316665642
-0.4767818482879927,-4.211732945041066
-0.556036373081516,-4.210816032293871
-0.47643052258867585,-4.447824089291894
-0.5557677683397193,-4.447341711889715
-0.47652651724640555,-4.369068785154175
-0.5558416652663052,-4.3684480142776785
-0.47631510875791394,-4.605601791615302
-0.5556763960465902,-4.605296800116017
-0.4763728156732949,-4.5267129404535975
-0.5557220821931548,-4.526319256002866
-0.476287212723813,-4.684544251497447
-0.5556575092411916,-4.6843129411687325
0.0548406264344967,2.1585944549926324
0.03743708379056632,2.058331419466508
-0.04624281728458732,2.1740914903644866
-0.056044023132601865,2.0647622382582536
0.14641627621342884,2.3581285120963784
0.10062845132396277,2.2583614835445056
0.0645299033243791,2.3883851355851125
0.009143543019895888,2.2812383129748004
0.4762339359007901,-4.6042640298453
0.5556295703265968,-4.604072932967842
0.47624711525413344,-4.683523206182876
0.5556337755834366,-4.683380829379542
0.476157388723877,-4.446238061370018
0.555571683545798,-4.445747304188503
0.47619566231233357,-4.525251045607659
0.5556006269361974,-4.524910118578173
0.4758706961388409,-4.288678469809728
0.5553218181915152,-4.288042398922252
0.4760140424313589,-4.367458265589873
0.5554467508686565,-4.366894851555378
0.47485233407208477,-4.131099494670616
0.5544962688041835,-4.130357128923518
0.4753615151054629,-4.209888982240172
0.5549090434978493,-4.209199763922885
0.47350835213226267,-3.9738697662411164
0.5531612705711177,-3.9725857343157864
0.4741803431021737,-4.052484630455867
0.5538287696876508,-4.051471431619651
0.47113122562852333,-3.816234521385849
0.5511532125629915,-3.814667782715356
0.472319788880393,-3.8950521438134826
0.5521572415670545,-3.8936267585155715
0.46749384633748753,-3.6583132502972635
0.5479461640483381,-3.65635750848795
0.46931253598300543,-3.737273885841556
0.5495496883056649,-3.735512645601653
0.46168152996469364,-3.499853451483594
0.5430484529878008,-3.497406656086307
0.4645876881510906,-3.5790833508904285
0.5454973085180694,-3.5768820822871286
0.45247663067001676,-3.3403575837659
0.5350152020474586,-3.337240146786175
0.4570790803173552,-3.420105517624747
0.5390318275176297,-3.4173234014362404
0.4386412317013049,-3.1790773855466687
0.5232721151940445,-3.1748657862207024
0.4455589311856608,-3.259717484656284
0.5291436586207513,-3.2560529665034386
0.41984260379599386,-3.0155559022845386
0.507276372439499,-3.0092535227252735
0.4292419177486494,-3.0973166439156037
0.5152742438167716,-3.0920596544729877
0.39167155883780236,-2.8483781843512195
0.48456329129310705,-2.8382174976520167
0.40575708131689814,-2.9319670433178793
0.4959198318663029,-2.9237355101886457
0.3424958104635248,-2.6804061779259456
0.44219328357728904,-2.649598138696489
0.36708368465066354,-2.7643921811385823
0.46337828743519804,-2.743907818174253
0.2551540399986413,-2.534631185750166
0.31825389365594714,-2.4916268732278235
0.29882492523108306,-2.607518681838056
0.3802235886166181,-2.5706125059621563
0.09568886385833694,-2.1035145618810698
0.13150231021418526,-2.290924609883123
0.1135955870362611,-2.197219585882096
-0.24007958874662805,-2.59916269166389
-0.29378437873584445,-2.6666251565536943
-0.30710469675742563,-2.5378017845263328
-0.37707545162809586,-2.611432469687992
0.08364184848924341,-1.9279854373625072
0.08966535617379018,-2.0157499996217885
0.054912228559512326,-2.450057244142873
-0.10023204642641233,-2.500648434339372
-0.015164376384872037,-2.632507797475932
0.11919263451774977,-2.583031724414871
-0.02265990893345,-2.475352839241123
-0.057698211405642186,-2.566578115907652
0.05201412906643886,-2.607769760945401
0.08705243153863104,-2.516544484278872
0.014677110066494425,-2.541561300093262
-0.128584591644717,-2.70096725186328
-0.17015581758652018,-2.549905563001631
-0.18433209019567254,-2.6500649717635847
-0.07187448401479452,-2.666737524669606
-0.12101515080065738,-2.6083215438356184
-0.20084118594331737,-2.8119095331521953
-0.2741651773341891,-2.772998577297847
-0.1647128887940172,-2.7564383925077376
-0.22924863376493088,-2.711531774530716
-0.25518979124012336,-2.9425558545498167
-0.3342528386025262,-2.9166427636537544
-0.22801548859172038,-2.877232693851006
-0.30420900796835765,-2.8448206704758006
-0.29247375941631976,-3.0803679721833146
-0.3712541473393735,-3.0629264524061144
-0.27383177532822156,-3.0114619133665657
-0.3527534929709498,-2.989784608029935
-0.3137626667824679,-3.2225519929788975
-0.39054552318794133,-3.2117574032606684
-0.3031182130993938,-3.1514599825811063
-0.38089983526365745,-3.1373419278333916
-0.32019493675706195,-3.3690777245738817
-0.3974976536852367,-3.3622238064871843
-0.3169788017697649,-3.2958148587763896
-0.39402158843658897,-3.2869906048739255
-0.32173855583540545,-3.5186867872729994
-0.3996768459796439,-3.5142430134054585
-0.3209667462962337,-3.4438822559234405
-0.3985872498324403,-3.4382334099463217
-0.3212837169798628,-3.670477164965531
-0.3997434647763424,-3.6676202404907787
-0.3215111364076341,-3.594581976119265
-0.39971015537799315,-3.590931626948119
-0.32030782520090567,-3.8242235037444585
-0.39910389382318695,-3.822211285112677
-0.32079577109038426,-3.7473503343549948
-0.3994236792997647,-3.7449157628017278
-0.3193189181714826,-3.9792199130005357
-0.3983544687394741,-3.9778387683617287
-0.31981337168619417,-3.901721708372497
-0.39872918128133056,-3.900025026737203
-0.3185609523956888,-4.1351045142093
-0.3977510685337695,-4.134128461637489
-0.3189399352835857,-4.057162213604918
-0.3980527686366219,-4.05598361499961
-0.3180641586879661,-4.29163557366236
-0.3973433352960507,-4.290974527339408
-0.31831255554182747,-4.21337004393583
-0.39754720191491,-4.21255149448845
-0.3177443534928284,-4.448608402265098
-0.39708743804075214,-4.448216245778496
-0.3179042560903973,-4.370121987963729
-0.3972153866684014,-4.3695953865589505
-0.31758198921760433,-4.605969814808127
-0.3969485489877591,-4.605785803211715
-0.3176631713552164,-4.527289108536612
-0.39701799351425554,-4.527001024495105
-0.3175391195548926,-4.68486284205634
-0.39691316613935285,-4.684703546776893
0.08074513124139888,-1.7596496044117858
0.08219348986532116,-1.8438175208871461
-0.1588053449385669,-4.606122768500001
-0.15876114714601425,-4.68493040908316
-0.23819366707808562,-4.606046291654064
-0.23815013335045343,-4.68489662556975
-0.000058379615676454756,-4.60590652209274
-4.768934499681589e-6,-4.684802675169678
-0.07943186227712168,-4.60601464529637
-0.07938295804025698,-4.684866542126418
0.15867781411318124,-4.605552456907845
0.1587068496758274,-4.684454157252759
0.0793097172487524,-4.605729489500293
0.07935104037066384,-4.684628416211218
0.3174488640527187,-4.604911929897366
0.3174662646680959,-4.683979327397549
0.23806333908294997,-4.605232193402605
0.23808655717196164,-4.684216742325153
0.3968413999767544,-4.604587979871333
0.39685668996111473,-4.683751266790212
0.07979763729971395,-1.595447609226094
0.08027138427055641,-1.67754860681894
0.31734142278653965,-4.447319689032186
0.39674940575520834,-4.446778875201102
0.31739514341962916,-4.526115809464776
0.39679540286598136,-4.525683427536219
0.31684830516794765,-4.290144502980361
0.3963595006533943,-4.2894114863950445
0.3170948639772436,-4.368732096006274
0.39655445320430127,-4.368095180798072
0.3159066343992362,-4.133484360410418
0.3953794842356605,-4.132291927540518
0.31637746978359194,-4.211814431695389
0.3958694924445274,-4.210851706967781
0.3143166791572287,-3.976524559325293
0.3939125156447457,-3.975197162783205
0.3151116567782325,-4.055004459867856
0.3946459999402031,-4.0537445451618614
0.31160626808027875,-3.8198972681627823
0.39136874685440104,-3.818065894774316
0.3129614736187537,-3.8982109137440375
0.3926406312495734,-3.89663152877876
0.3075242242766872,-3.663374253596618
0.38750903530708736,-3.660843751946941
0.30956524617848297,-3.7416357608797
0.3894388910807443,-3.739454823360629
0.30104195390654553,-3.5071920707052504
0.38136174193561956,-3.5035227610944224
0.3042830890916164,-3.585283162150934
0.38443538862135346,-3.5821832565206817
0.2903641118118898,-3.3502190035094843
0.3714203712409533,-3.345288293637692
0.2957030328592177,-3.4287055371073674
0.3763910565882864,-3.4244055273660576
0.2723660341774483,-3.192394842941382
0.3555036329393766,-3.1857361142440253
0.28136507299466906,-3.271306923225433
0.3634620020901648,-3.265512203940858
0.24232947649663822,-3.0313600175707895
0.33108604014631604,-3.023457959927664
0.25734775533704324,-3.1118774302560857
0.3432948365428463,-3.1045970370858447
0.2205315615029723,-2.8705371591869713
0.3061015601703873,-2.8594576717690954
0.23143051899980527,-2.95094858837888
0.3185938001583517,-2.9414578158483797
0.18314126338771872,-2.7196876097924783
0.26281853692562174,-2.700046893859212
0.2018364124453455,-2.795112384489725
0.28446004854800455,-2.7797522828141537
0.18717333725819552,-2.5588314550825184
0.15116694895273425,-2.6513596671036748
0.2249959370919086,-2.6294391744708645
0.079513039058577,-1.4335237223057349
0.07965533817914545,-1.5144856657659145
0.04450622808279678,-2.7479977867128684
0.01467092584896237,-2.6902527920944
0.11382374573525775,-2.7338426982526736
0.08291893740084832,-2.6708062295990374
-0.05390244419319451,-2.7719202502370304
-0.09124351791895575,-2.736443751050155
-0.004698108055198866,-2.7599590184749494
-0.03828629603499669,-2.713348271572277
-0.07762896901766332,-2.8667957121349423
-0.13923507748049035,-2.8393526226435686
-0.06576570660542891,-2.8193579811859864
-0.11523929769972305,-2.7878981868468613
-0.10965907127205624,-2.990881910047607
-0.18242443125608981,-2.9667188822987116
-0.09364402014485979,-2.928838811091275
-0.16082975436829008,-2.9030357524711397
0.07938348242926949,-1.2729810028840358
0.07944826074392322,-1.353252362594885
-0.15902688008250834,-4.448986662283476
-0.1589161125105376,-4.527554715391738
-0.2383856167876684,-4.448797532274287
-0.23828964193287705,-4.527421911964176
-0.0003201955490821133,-4.448975207639082
-0.00018928758237928402,-4.527440864865911
-0.07967353781579523,-4.448980934961279
-0.07955270004645845,-4.527497790128825
0.15845909418669665,-4.448347233700024
0.15856845414993895,-4.5269498453039345
0.07906944931880727,-4.448661220669553
0.07918958328377983,-4.527195355084922
0.23790025848661817,-4.4478334613661055
0.23798179878478407,-4.526532827384355
0.07935567561757863,-1.1131902725721041
0.07936957902342405,-1.1930856377280699
0.06019730022029608,-2.8823404722192727
0.05235176415154643,-2.815169129466071
0.1403644308616342,-2.876438815703122
0.127094088298446,-2.805140756977898
-0.1529854762332283,-3.1100566901179927
-0.22272961782477402,-3.0952123311506536
-0.13132227375264227,-3.0504693000828
-0.20257702454043192,-3.0309656067246835
0.07937423763315057,-0.9537023124370032
0.07936495662536461,-1.0334462925045536
-0.16597161031150182,-3.2386368187121013
-0.23986713854698485,-3.2305944058454994
-0.15947854327236505,-3.1743467544150468
-0.23129837818587934,-3.1629033684980765
-0.16914095468228807,-3.378802811396502
-0.244667945719675,-3.3739402679851915
-0.16755628249689494,-3.3087198150543013
-0.2422675421333299,-3.302267336915345
-0.16701473722398208,-3.52437768841139
-0.24437664652969376,-3.5215322378421945
-0.16807784595313507,-3.451590249903946
-0.24452229612468443,-3.4477362529136935
-0.16484025486000123,-3.6741490640656593
-0.243061985919932,-3.672313114515595
-0.16592749604199164,-3.5992633762385244
-0.24371931622481283,-3.596922676178895
-0.16287367365003008,-3.826552976542803
-0.24159074942546788,-3.8253882401436305
-0.16385696425501567,-3.7503510203042314
-0.2423263676727,-3.748850677329613
-0.16134416113513156,-3.9807406885406094
-0.24033153965330709,-3.9799803007705723
-0.16210891739258082,-3.903646832541706
-0.2409611445393875,-3.902684270457102
-0.16020193995270898,-4.136333797111776
-0.2393814461741989,-4.135719155660539
-0.16077305054392027,-4.058537242826192
-0.23985649291375305,-4.0578497282155555
-0.1595179200606009,-4.292428212875947
-0.2387910393742835,-4.2920318932691535
-0.15985993000665494,-4.214381004993862
-0.23908624277424118,-4.213875524464845
-0.15927240007155463,-4.3707074375797115
-0.2385883280809759,-4.37041471277172
0.07937469707367892,-0.7944893567733441
0.07937446735341473,-0.8740958346051737
0.15794455387528558,-4.291724277711178
0.2373964295216166,-4.29093439034577
0.15820182403099112,-4.370035755705601
0.23764834400411738,-4.369383925855939
0.15701287798878785,-4.135280157061377
0.23645975619401205,-4.134382258735897
0.15747871593203672,-4.213502217386278
0.23692809285781438,-4.2126583245408336
0.15531475972417522,-3.9790407693074976
0.23481571944070195,-3.977782664316395
0.15616381885648153,-4.057160463184437
0.23563773781735706,-4.056082461526145
0.1527549264755076,-3.8236060506615583
0.23218059727789317,-3.82175165941217
0.1540348430998414,-3.9013234099845278
0.23349815835929755,-3.8997671618642826
0.14893115339657326,-3.6693918062343003
0.22822768883663022,-3.666383029915459
0.15084303993604042,-3.746498928447929
0.2302041430572617,-3.7440673446638146
0.14295493332212988,-3.5159164235956695
0.2219984436143377,-3.51155424715046
0.14594304335935157,-3.5926541149149847
0.22511306622548402,-3.5889686385329593
0.13230375329298172,-3.363263453810739
0.21133393255243577,-3.3567412286601117
0.1376293433075558,-3.4395899387032043
0.21666618808338678,-3.4341477379052865
0.10813473843298348,-3.2106826958403514
0.1902503863052159,-3.201538769390867
0.1202192458629826,-3.2869730748255455
0.20079215942882583,-3.2791399990254906
0.054219844416273554,-3.0469520477821863
0.14827466045645588,-3.039156032676488
0.08117729142462851,-3.1288173718112686
0.16926252338083583,-3.120347401033678
0.057208572318284814,-2.9646462600007295
0.144319545659045,-2.957797424189805
0.07937513196101986,-0.6354526181231275
0.07937491451734938,-0.714970987448236
-0.0008568624899473123,-4.292507594671789
-0.0005885290195147128,-4.370741401155435
-0.0801873912752741,-4.292467903773868
-0.07993046454553467,-4.370724419367574
0.07854384569266913,-4.292115936191483
0.07880664750573818,-4.370388578430517
0.07937537802845356,-0.4765224516595107
0.07937525499473672,-0.555987534891319
-0.001791753895317185,-4.1362053200589886
0.07761056204673533,-4.135742738560182
-0.0013243081926322486,-4.214356457365389
0.07807720386970224,-4.213929337375833
-0.0032682271600442203,-3.9806769815941463
0.0760232662820655,-3.979858875450822
-0.0025299905276807027,-4.058441150826567
0.0768169141644004,-4.057800807005504
-0.005390035872753757,-3.8263759240253497
0.07368244530137692,-3.8249909873434538
-0.004329131516398989,-3.903526452809748
0.0748528557917212,-3.902424931397138
-0.008371309348226982,-3.673790183949871
0.07027992202417313,-3.6715909950920853
-0.006880672610490369,-3.75008305398761
0.07198118366277505,-3.7482909912177704
-0.012719710595777861,-3.523497911548741
0.06511761136317601,-3.5197071675722054
-0.010545509972002421,-3.598644047749306
0.06769876669367457,-3.5956490813321453
-0.019276500592596384,-3.377619390460538
0.056513626350192664,-3.3704414221356385
-0.01599810559418712,-3.4505586510046395
0.060815618856684336,-3.4450742948539226
-0.02903377532774633,-3.2415531618987417
0.039550481552618574,-3.2261179288695465
-0.02415513796017136,-3.3095862761796395
0.04803205395140563,-3.2982796755025925
0.07937581699422093,-0.3176563207614611
0.07937559751133724,-0.3970893862104858
-0.09420872763744223,-3.37821110092852
-0.09750269281962408,-3.2400949903054217
-0.09585571022853318,-3.3091530456169713
0.07937563944316774,-0.1588233598492379
0.07937572821869435,-0.2382398403053495
-0.08986722390987997,-3.5239377999800654
-0.0920379757736611,-3.4510744504542927
0.07937470886879498,-1.7224692972674116e-6
0.07937517415598136,-0.07941254115926759
-0.0866057821041141,-3.673969624007765
-0.08823650300699704,-3.5989537119939152
0.07937503128444412,0.15882768298606043
0.07937487007661954,0.07941298025838156
-0.08413185476139191,-3.8264644502840763
-0.085368818432753,-3.75021703714592
0.07937605626537109,0.31769026512693577
0.0793755437749076,0.2382589740564981
-0.08230619414758789,-3.980708835067378
-0.0832190244544899,-3.9035866426757275
0.07937721872590654,0.4766244461093124
0.0793766374956388,0.3971573556181241
-0.08099684692401309,-4.136269558585383
-0.08059211909964359,-4.2143687311796265
-0.08165152053580049,-4.058489196826381
0.07938223747881593,0.6357554043207945
0.07937972810236123,0.5561899252150533
0.07939433546512557,0.7950404294666598
0.07938828647197076,0.7153979168937272
0.0794258200488938,0.9545583724777453
0.0794100777570097,0.8747994009722024
0.07951796566962585,1.1149510154533337
0.0794718928592598,1.0347546939655392
0.07978027017988927,1.2763539289493986
0.07964911792475757,1.1956524722013664
0.08041974017865682,1.4392779950552117
0.08010000517927306,1.3578159620023051
0.08217301540879034,1.6033932297789084
0.08129637779372359,1.5213356124170605
0.08672079746222952,1.7700807621670636
0.08444690643550995,1.686736995972986
0.09846392266299003,1.9474268184852603
0.09259236006260976,1.858753790326162
0.13294530135423735,2.1364710845244637
0.11570461200861368,2.041948951504862
0.21613256366677405,2.322675811852956
0.17453893251050567,2.22957344818871
0.25974238481525486,2.549264936827855
0.32957093344860167,2.4983136733608626
0.20307933051434185,2.453696724462117
0.2728517485576879,2.410494742606909
0.3628502703611649,2.65196838958331
0.42166810307101454,2.5837089847788683
0.06986215604438777,2.636413849957255
0.16480227042982132,2.5928393933925546
0.026252843239858565,2.5275278045155507
0.11466608687710018,2.490612264488833
0.23320012054739211,2.8314369448020664
0.3495791382272335,2.793054393570416
0.15153113829588993,2.733925397379661
0.2571907043285274,2.6929468934814853
0.33107418957916623,3.011242799492356
0.43143523877195494,2.995277072300261
0.2821371550632792,2.921339872147211
0.39050718849959426,2.8941657329353383
0.3816885048751449,3.18102720947775
0.47335360453478237,3.1720600650202675
0.35638134722715553,3.096135004485053
0.45239442165336863,3.0836685686602645
0.40749738983467443,3.3495615983099327
0.49671543701861437,3.3406340785466604
0.3945929473549097,3.2652944038938414
0.4850345207766984,3.2563470717834644
0.42388279506656495,3.5142645217687227
0.5111404674194017,3.506327302839682
0.4156900924506197,3.431913060039328
0.503927952219008,3.4234806906931716
0.4371412036287408,3.6760000753892563
0.522721192603205,3.6687510583965555
0.4305119993476529,3.5951322985789895
0.5169308300113034,3.587539180618119
0.4511276849081309,3.834786765307281
0.5343577503457444,3.828189824265011
0.44413444426843585,3.755393420348269
0.5285394714744747,3.748470441330784
0.4655792163553985,3.990439475505579
0.5459446578809917,3.9852205426750924
0.4583534506317647,3.91261312040643
0.5401512041133681,3.9067051834700504
0.4739365582046229,4.145071304683061
0.5529106701749448,4.141179109566884
0.46975788728001067,4.0677553900943195
0.5494276640279683,4.063199826120987
0.4772772798149481,4.299725174159339
0.5559099146927691,4.296957716819234
0.47560691900978547,4.222398239421199
0.5544102924338568,4.2190684131930585
0.4778465186184577,4.454864755677096
0.556625038270351,4.452970726162189
0.4775618992167029,4.377294964918217
0.5562674764815599,4.374964221490711
0.47735317284428574,4.610363103789248
0.5563727883857817,4.60920712375532
0.4775998457313717,4.532613929733172
0.5564989133280664,4.5310889249587545
0.47701730277427534,4.688371488304556
0.5561561940240952,4.687449267140692
-0.3111680227619303,4.601837625944636
-0.3911240931861895,4.6012552440097085
-0.3129097958105664,4.681778335875475
-0.39269948468745147,4.68129157913073
-0.305083538033272,4.44126334893466
-0.38560848749683874,4.440482757201505
-0.30812578039760113,4.521550487439648
-0.3883662903415141,4.520869000605607
-0.29506840227059183,4.279238881985326
-0.37668466597048716,4.278618771241837
-0.3000759701519319,4.360251115459993
-0.3811465767336629,4.359550764221671
-0.27980841086839464,4.117328560197419
-0.3637535665757685,4.11617517613211
-0.28743840656949327,4.198283721091372
-0.3702191162731279,4.197396973686975
-0.26095921366166414,3.946441947294315
-0.34907625752550064,3.9484572169847487
-0.2703838122650294,4.031885253745867
-0.3564149120506346,4.032316196558431
-0.2592882915905046,3.7747389353821506
-0.3469266212082044,3.779812479487268
-0.26012375262608434,3.860590441338233
-0.3480014393668525,3.8641348482360085
-0.2627843157703817,3.6055913514178792
-0.3493707543378064,3.6127085511450217
-0.26103630368044317,3.690165143400015
-0.3481486877730053,3.696260515316144
-0.26711762822341284,3.4387250140839614
-0.35290502847934013,3.4474089846523155
-0.26495097199689727,3.5221581827509203
-0.35113789140857327,3.5300587678986686
-0.27309544846171513,3.2750946381666433
-0.3573616984778199,3.2845315355950673
-0.270106538342564,3.3569098261253023
-0.35513336347858004,3.3659702601236914
-0.28286172431946194,3.11422751217994
-0.36599140144350073,3.125057646164461
-0.27797858639058853,3.1946610751732916
-0.36167654996066023,3.2047945908797644
-0.31551525050775997,2.973126540638256
-0.3866319038106648,2.9798579891442207
-0.2991884874136109,3.0436770264090978
-0.37631165262708277,3.05245781765434
-0.3462037613165722,2.8717751236497118
-0.39993329985940396,2.8597492918635896
-0.33085950591216606,2.922450832143984
-0.3932826018350344,2.9198036405039045
-0.2713714670689134,2.795900937070177
-0.3304815049990558,2.7553949915429707
-0.3087876141927428,2.8338380303599444
-0.36520740242922983,2.80757214170328
-0.17365945345567216,2.6987228477851466
-0.22854249020035772,2.6471475732780023
-0.2225154602622928,2.747311892427662
-0.2795119975997068,2.7012712824104868
-0.08997594072155957,2.6085927648742873
-0.12805323273747693,2.549617180877374
-0.13181769708861585,2.6536578063297167
-0.17829786146891732,2.598382377077688
-0.0100568923385859,2.622503307415771
-0.05090019474880919,2.5385724926964626
0.3198818929577018,4.612070610903028
0.3191533150407546,4.689688818239421
0.3986175329009938,4.611216857346138
0.3980853089075151,4.689030153271989
0.16273215559207116,4.612086753546145
0.16153399934989202,4.689659321815968
0.24130702427488648,4.6120786822245865
0.2403436571953233,4.689674070027695
0.005641227235312883,4.609473618630125
0.0040017922170146845,4.68767636602286
0.08418669141369202,4.610780186088135
0.08276789578345335,4.688667843919414
-0.15208078924449148,4.60508735633437
-0.15396347008381,4.684263751807891
-0.0732197810045893,4.607280487482248
-0.07498083893339767,4.685970058915374
-0.23162440600321088,4.603462491139503
-0.2334366329471882,4.683021043841683
-0.14591318324105304,4.446560027103569
-0.2254983606371625,4.4439116880191145
-0.14899698624277224,4.525823691718969
-0.22856138332018666,4.523687089579307
-0.13440720109032817,4.289098197478013
-0.21473780168046,4.284168539731669
-0.1401601921656906,4.36782911229079
-0.2201180811588113,4.364040113875392
-0.11391247959914648,4.1282154050525754
-0.19686044523377055,4.122771982624997
-0.12415984034473732,4.208656801265294
-0.2057991234571152,4.203470261178332
-0.060698817643163025,3.949336828995602
-0.1608290156524136,3.947889388144959
-0.08730564862115475,4.038776117024089
-0.17884473044309207,4.035330685384977
-0.0792051210750393,3.758825256453217
-0.16924670633277195,3.7667820959176836
-0.06995196935910117,3.8540810427244097
-0.1650378609925928,3.8573357420313203
-0.08906107508284783,3.586560322197039
-0.17592269542661476,3.596075836807459
-0.08413309807894356,3.672692789325128
-0.17258470087969335,3.6814289663625708
-0.09656371087831601,3.418730736853059
-0.18184066955086442,3.4287278754685104
-0.09281239298058191,3.502645529525049
-0.1788816824887396,3.5124018561379837
-0.09960619398486614,3.2517532519552503
-0.18635082122329064,3.263423945060947
-0.09808495243159107,3.3352419944041545
-0.18409574538707754,3.3460759102647284
-0.09183999005943777,3.066192555882758
-0.18735085718944985,3.090210034031349
-0.09572309202215196,3.158972903919004
-0.1868508392063702,3.1768169895461478
-0.1818170419286888,2.9071118538058203
-0.2486661462182244,2.940119197222038
-0.1368285159940633,2.9866522048442894
-0.21800850170383712,3.015164615626694
-0.2265942544988011,2.8515063954379984
-0.27872688020548353,2.8869786137909914
-0.05481054961516417,2.796920967947514
-0.11423500153541816,2.7478219078663306
-0.1183137957719265,2.8520164108766672
-0.1704146280171096,2.7996641516521645
0.06331715271535265,2.937714999793721
0.1482586366313724,2.8845759722978936
0.004253301550094242,2.8673179838706178
0.007525803214611798,2.7166674089523846
0.07789221992299208,2.8006216906251393
0.16365284321253298,3.0714873782365717
0.2473635163958496,3.041365088864464
0.11348499796394282,3.0046011890151463
0.19781107651361102,2.962970530581179
0.20888960072373688,3.220408104205394
0.2952890527994409,3.2007176568415723
0.18627122196813495,3.145947741220983
0.27132628459764524,3.1210413728530173
0.23549179186969363,3.3768404157938248
0.321494590852184,3.3632010070518787
0.22219069629671526,3.2986242599996096
0.3083918218258125,3.281959331946726
0.25187619724720894,3.5377168532294774
0.33787949615688695,3.5259906874991
0.2436839945584513,3.457278634511651
0.3296870435045354,3.4445958472754894
0.26670584407910547,3.697891858992697
0.3519235238539231,3.686945967190977
0.25929102066315723,3.617804356111087
0.34490151000540514,3.606468327345038
0.2868999869377089,3.8553951691935175
0.3690138359229199,3.8450909672503992
0.2768029155084072,3.776643514093107
0.3604686798884215,3.766018467220688
0.3086863533691395,4.004582695017594
0.387132784862269,3.9975110852615865
0.2977931701534242,3.9299889321055557
0.37807331039259456,3.9213010262559935
0.31906468707718555,4.154120619794403
0.39650062264090424,4.149595962238732
0.31387552022316256,4.079351657405999
0.3918167037515866,4.073553523750159
0.3218091077332467,4.305183598543566
0.3995431937740974,4.302454386351453
0.32043689740521614,4.229652109168985
0.39802190820750083,4.226025174295092
0.32130131074961865,4.45782403549581
0.3995739146840382,4.456344395586453
0.32155520924143266,4.381503817019688
0.3995585542290677,4.379399390968953
0.3205916018536602,4.534947323199419
0.3990957237925159,4.533780626466294
0.16587857344596643,4.45846003189205
0.16430536451901878,4.535273392719098
0.24358994209779256,4.45814203369393
0.24244848318633952,4.535110357959258
0.010634409576150788,4.45461031160419
0.008137818405731835,4.532041965117157
0.0882564915110586,4.45653517174812
0.08622159146237532,4.533657678918128
-0.06763938683245113,4.45058516935388
-0.07042958391852021,4.528932828418064
-0.014261418672042558,3.0019537778382395
-0.06628760722198453,2.926985094357454
0.05568495691456118,3.253086831765285
0.04307027432948785,3.1298610417513157
0.13228727881914903,3.2367474679853396
0.049377615622024515,3.1914739367583005
0.10336155877101041,3.1006742099939437
0.11782441879507975,3.168710838989642
0.06980959826770572,3.403040724039499
0.15265069506869966,3.3899405699166616
0.06274727759113345,3.3280637779023916
0.14246898694392435,3.3133440189510006
0.08188012904391165,3.5631723778851705
0.1668781631455603,3.550444615557324
0.07584486365580868,3.4831065509623347
0.15976442910712998,3.4701925927369928
0.09797921207543653,3.725894663818389
0.182342528077271,3.711893261405543
0.08992967055967409,3.6445335208517795
0.1746103456114156,3.631168938481434
0.12114368638997254,3.8855126288663193
0.20402183666384072,3.8704538990299184
0.10956144923270453,3.805703646342354
0.1931821823705559,3.79117358021773
0.16065250876431253,4.023362406783814
0.23466943106672603,4.013972550900704
0.14089809757714253,3.954437517825067
0.2193456338652834,3.942213224965311
0.16874524279771638,4.161163895651578
0.24390496493745095,4.157642257722991
0.16469887578101444,4.092263151217696
0.23928719800208847,4.085807404311847
0.16831564716986222,4.307219014601293
0.24506237745155446,4.306201306572429
0.1685304449837893,4.234191455126435
0.24448367119450273,4.23192178214771
0.16709711030791433,4.3828395232466715
0.24432615977467345,4.38217167013318
0.017526385346594165,4.302611119475261
0.014080397461372476,4.378610715539725
0.0929210162582282,4.304915067038277
0.09058875388464341,4.380725119393199
-0.058440407871867,4.295854658476637
-0.06303989735215906,4.373219913915259
-0.021960618535152483,3.2524200418602676
-0.02438485786497496,3.098026798817037
-0.02317273820006372,3.1752234203386522
-0.013377056305305147,3.410885730446279
-0.017668837420228813,3.331652886153273
-0.0035904730194680906,3.5748663500411046
-0.008483764662386616,3.492876040243692
0.009387045500198615,3.7423599601358033
0.0028982862403652623,3.658613155088454
0.030222434373404758,3.9174247289309605
0.01980473993680168,3.829892344533383
0.042725882352054136,4.044317962234117
0.10168919555818333,4.033840184508966
-0.008986467645554445,3.9968273956148597
0.06595581496579404,3.9756324567199632
0.028223955935012895,4.160254650922933
0.09848459936636464,4.160709273287255
0.03547491914353351,4.102286306578525
0.10008689746227396,4.09727472889811
0.02287517064080353,4.231432885199097
0.09570280781229643,4.232812170162767
-0.04284426183206679,4.1442350279877544
-0.0506423348519669,4.220044843232194
-0.02591536473881062,4.070531211801307
-0.1546304368157987,-2.408414086661298
-0.2308675667866121,-2.4731079355938155
0.04011301791181839,-2.3696424620783345
-0.057258709451990145,-2.3890282743698164
0.18228746447034702,-2.4268389536161883
0.20998913881729653,-2.359730246684319
0.21872075223449416,-2.480735069683177
0.26412151623662183,-2.4256785599560713
0.11859984651492968,-2.4384480988795305
0.12505107836455745,-2.364686354381327
0.15288659188656264,-2.4986397769810242
-0.00871583439868362,-2.8745680921771077
-0.006706971226941239,-2.817263555326028
-0.02771961342789134,-3.0189169789148966
-0.018217723913287482,-2.9467425355460013
-0.04259980238156703,-3.13285396659964
0.005810021017353263,-3.0899030071909133
-0.03581678885465668,-3.1872035642491907
0.022680251284985915,-3.1580104680302297
-0.09779263930739766,-3.1214553283588167
-0.06275612636764451,-3.0701861536368567
-0.09764766606351087,-3.1807751593321183
-0.06214594693700202,2.685162607641051
0.04455007004948393,3.0513139939160907